{
  "Total" : {
    "transaction" : "Total",
    "sampleCount" : 300,
    "errorCount" : 0,
    "errorPct" : 0.0,
    "meanResTime" : 2660.236666666667,
    "medianResTime" : 2693.0,
    "minResTime" : 2029.0,
    "maxResTime" : 2859.0,
    "pct1ResTime" : 2729.8,
    "pct2ResTime" : 2769.8,
    "pct3ResTime" : 2848.95,
    "throughput" : 103.2346868547832,
    "receivedKBytesPerSec" : 85.18877967997247,
    "sentKBytesPerSec" : 14.416562715072264
  },
  "HTTP Request" : {
    "transaction" : "HTTP Request",
    "sampleCount" : 300,
    "errorCount" : 0,
    "errorPct" : 0.0,
    "meanResTime" : 2660.236666666667,
    "medianResTime" : 2693.0,
    "minResTime" : 2029.0,
    "maxResTime" : 2859.0,
    "pct1ResTime" : 2729.8,
    "pct2ResTime" : 2769.8,
    "pct3ResTime" : 2848.95,
    "throughput" : 103.2346868547832,
    "receivedKBytesPerSec" : 85.18877967997247,
    "sentKBytesPerSec" : 14.416562715072264
  }
}